Designator,Footprint,Quantity,Value,LCSC Part #
Q1_6,SOT-89-3,1,BCX56,C100026
C2_6,C_0402_1005Metric,1,470nF,C47339
R2_6,R_0402_1005Metric,1,0R,C17168
C4_6,C_0402_1005Metric,1,22nF/50V,C1532
C4_5,C_0402_1005Metric,1,22nF/50V,C1532
C1_6,C_0402_1005Metric,1,4.7uF,C23733
C3_6,C_0402_1005Metric,1,220nF/16V,C16772
R1_6,R_0402_1005Metric,1,0R,C17168
R6_6,R_0402_1005Metric,1,100R,C25076
R8_6,R_0805_2012Metric,1,0805/0.11R,C53899
R5_6,R_0402_1005Metric,1,1R,C25086
C3_5,C_0402_1005Metric,1,220nF/16V,C16772
R5_5,R_0402_1005Metric,1,1R,C25086
Q1_5,SOT-89-3,1,BCX56,C100026
R8_5,R_0805_2012Metric,1,0805/0.11R,C53899
D1_6,D_MiniMELF,1,5.6V,C8062
C6_6,C_0402_1005Metric,1,100nF,C307331
C5_6,C_0402_1005Metric,1,100nF/16V,C307331
D1_5,D_MiniMELF,1,5.6V,C8062
R4_6,R_0402_1005Metric,1,22K,C25768
C6_5,C_0402_1005Metric,1,100nF,C307331
C4_4,C_0402_1005Metric,1,22nF/50V,C1532
D1_4,D_MiniMELF,1,5.6V,C8062
R8_4,R_0805_2012Metric,1,0805/0.11R,C53899
C1_5,C_0402_1005Metric,1,4.7uF,C23733
C5_5,C_0402_1005Metric,1,100nF/16V,C307331
R1_5,R_0402_1005Metric,1,0R,C17168
C2_5,C_0402_1005Metric,1,470nF,C47339
C7_6,C_0402_1005Metric,1,100nF,C307331
C1_4,C_0402_1005Metric,1,4.7uF,C23733
R4_5,R_0402_1005Metric,1,22K,C25768
R7_6,R_0805_2012Metric,1,0805/0.11R,C53899
Q1_4,SOT-89-3,1,BCX56,C100026
R4_4,R_0402_1005Metric,1,22K,C25768
R8_3,R_0805_2012Metric,1,0805/0.11R,C53899
C2_4,C_0402_1005Metric,1,470nF,C47339
D1_3,D_MiniMELF,1,5.6V,C8062
R4_3,R_0402_1005Metric,1,22K,C25768
R1_4,R_0402_1005Metric,1,0R,C17168
R3_6,R_0402_1005Metric,1,20K,C25765
C6_4,C_0402_1005Metric,1,100nF,C307331
C5_4,C_0402_1005Metric,1,100nF/16V,C307331
Q1_3,SOT-89-3,1,BCX56,C100026
R4_2,R_0402_1005Metric,1,22K,C25768
C5_3,C_0402_1005Metric,1,100nF/16V,C307331
C3_4,C_0402_1005Metric,1,220nF/16V,C16772
R8_2,R_0805_2012Metric,1,0805/0.11R,C53899
C7_5,C_0402_1005Metric,1,100nF,C307331
R7_5,R_0805_2012Metric,1,0805/0.11R,C53899
R3_5,R_0402_1005Metric,1,20K,C25765
R2_5,R_0402_1005Metric,1,0R,C17168
C6_3,C_0402_1005Metric,1,100nF,C307331
C4_3,C_0402_1005Metric,1,22nF/50V,C1532
C2_3,C_0402_1005Metric,1,470nF,C47339
R1_3,R_0402_1005Metric,1,0R,C17168
C6_2,C_0402_1005Metric,1,100nF,C307331
R2_4,R_0402_1005Metric,1,0R,C17168
R5_4,R_0402_1005Metric,1,1R,C25086
R6_5,R_0402_1005Metric,1,100R,C25076
R5_3,R_0402_1005Metric,1,1R,C25086
R2_3,R_0402_1005Metric,1,0R,C17168
C7_4,C_0402_1005Metric,1,100nF,C307331
C1_3,C_0402_1005Metric,1,4.7uF,C23733
R1_2,R_0402_1005Metric,1,0R,C17168
R1,R_0402_1005Metric,1,0R,C17168
R7_4,R_0805_2012Metric,1,0805/0.11R,C53899
R3_4,R_0402_1005Metric,1,20K,C25765
C1_2,C_0402_1005Metric,1,4.7uF,C23733
R3_3,R_0402_1005Metric,1,20K,C25765
C5_2,C_0402_1005Metric,1,100nF/16V,C307331
C4_2,C_0402_1005Metric,1,22nF/50V,C1532
R6_4,R_0402_1005Metric,1,100R,C25076
D1_2,D_MiniMELF,1,5.6V,C8062
C3_3,C_0402_1005Metric,1,220nF/16V,C16772
C2_2,C_0402_1005Metric,1,470nF,C47339
R3_2,R_0402_1005Metric,1,20K,C25765
R6_3,R_0402_1005Metric,1,100R,C25076
Q1_2,SOT-89-3,1,BCX56,C100026
R4,R_0402_1005Metric,1,22K,C25768
R3,R_0402_1005Metric,1,20K,C25765
D1,D_MiniMELF,1,5.6V,C8062
C4,C_0402_1005Metric,1,22nF/50V,C1532
R5_2,R_0402_1005Metric,1,1R,C25086
C5,C_0402_1005Metric,1,100nF/16V,C307331
R7_3,R_0805_2012Metric,1,0805/0.11R,C53899
C7_3,C_0402_1005Metric,1,100nF,C307331
R8,R_0805_2012Metric,1,0805/0.11R,C53899
C6,C_0402_1005Metric,1,100nF,C307331
Q1,SOT-89-3,1,BCX56,C100026
R5,R_0402_1005Metric,1,1R,C25086
C1,C_0402_1005Metric,1,4.7uF,C23733
R7_2,R_0805_2012Metric,1,0805/0.11R,C53899
R7,R_0805_2012Metric,1,0805/0.11R,C53899
R2_2,R_0402_1005Metric,1,0R,C17168
C7_2,C_0402_1005Metric,1,100nF,C307331
C2,C_0402_1005Metric,1,470nF,C47339
C3_2,C_0402_1005Metric,1,220nF/16V,C16772
C7,C_0402_1005Metric,1,100nF,C307331
R6_2,R_0402_1005Metric,1,100R,C25076
C3,C_0402_1005Metric,1,220nF/16V,C16772
R6,R_0402_1005Metric,1,100R,C25076
R2,R_0402_1005Metric,1,0R,C17168
A1_6,Pololu_Breakout-16_15.2x20.3mm,1,Stepstick,
JP2_6,SolderJumper-3_P2.0mm_Open_TrianglePad1.0x1.5mm,1,CFG4,
U1_6,TQFP-48-1EP_7x7mm_P0.5mm_EP5x5mm,1,TMC2130-TA,
JP1_6,SolderJumper-3_P2.0mm_Open_TrianglePad1.0x1.5mm,1,CFG5,
A1_5,Pololu_Breakout-16_15.2x20.3mm,1,Stepstick,
A1_4,Pololu_Breakout-16_15.2x20.3mm,1,Stepstick,
U1_5,TQFP-48-1EP_7x7mm_P0.5mm_EP5x5mm,1,TMC2130-TA,
J1_6,PinHeader_1x02_P2.54mm_Vertical,1,DIAG,
RV1_6,Potentiometer_Bourns_TC33X_Vertical,1,20K,
RV1_5,Potentiometer_Bourns_TC33X_Vertical,1,20K,
JP2_5,SolderJumper-3_P2.0mm_Open_TrianglePad1.0x1.5mm,1,CFG4,
JP2_4,SolderJumper-3_P2.0mm_Open_TrianglePad1.0x1.5mm,1,CFG4,
RV1_4,Potentiometer_Bourns_TC33X_Vertical,1,20K,
A1_3,Pololu_Breakout-16_15.2x20.3mm,1,Stepstick,
RV1_3,Potentiometer_Bourns_TC33X_Vertical,1,20K,
J1_5,PinHeader_1x02_P2.54mm_Vertical,1,DIAG,
A1_2,Pololu_Breakout-16_15.2x20.3mm,1,Stepstick,
JP2_3,SolderJumper-3_P2.0mm_Open_TrianglePad1.0x1.5mm,1,CFG4,
RV1_2,Potentiometer_Bourns_TC33X_Vertical,1,20K,
J1_4,PinHeader_1x02_P2.54mm_Vertical,1,DIAG,
A1,Pololu_Breakout-16_15.2x20.3mm,1,Stepstick,
JP2_2,SolderJumper-3_P2.0mm_Open_TrianglePad1.0x1.5mm,1,CFG4,
U1_4,TQFP-48-1EP_7x7mm_P0.5mm_EP5x5mm,1,TMC2130-TA,
JP1_5,SolderJumper-3_P2.0mm_Open_TrianglePad1.0x1.5mm,1,CFG5,
JP1_4,SolderJumper-3_P2.0mm_Open_TrianglePad1.0x1.5mm,1,CFG5,
U1_3,TQFP-48-1EP_7x7mm_P0.5mm_EP5x5mm,1,TMC2130-TA,
J1_3,PinHeader_1x02_P2.54mm_Vertical,1,DIAG,
U1_2,TQFP-48-1EP_7x7mm_P0.5mm_EP5x5mm,1,TMC2130-TA,
JP1_3,SolderJumper-3_P2.0mm_Open_TrianglePad1.0x1.5mm,1,CFG5,
JP2,SolderJumper-3_P2.0mm_Open_TrianglePad1.0x1.5mm,1,CFG4,
J1_2,PinHeader_1x02_P2.54mm_Vertical,1,DIAG,
J1,PinHeader_1x02_P2.54mm_Vertical,1,DIAG,
U1,TQFP-48-1EP_7x7mm_P0.5mm_EP5x5mm,1,TMC2130-TA,
JP1_2,SolderJumper-3_P2.0mm_Open_TrianglePad1.0x1.5mm,1,CFG5,
JP1,SolderJumper-3_P2.0mm_Open_TrianglePad1.0x1.5mm,1,CFG5,
RV1,Potentiometer_Bourns_TC33X_Vertical,1,20K,
